camis,dba,as_of,actual_grade,actual_score,predicted_grade,predicted_score,baseline_grade,score_baseline_grade,correct,baseline_correct,violation_hit,confidence,reasoning,likely_violations,error
50121192,MORRIS PARK PIZZA,2026-07-16,A,10,B,15.0,A,A,False,True,True,0.55,"MORRIS PARK PIZZA (CAMIS 50121192, 656 Morris Park Ave, Bronx 10462) has only one prior record: a 2025-10-16 Administrative/Initial Inspection with no score, no grade, and zero violations — a clean opening for a new establishment, making the 2026-07-16 inspection its first graded cycle. Nearby 311 complaints within 75m over the past 90 days: zero (no rodent or food-poisoning signal). Zip 10462 baseline (365 days): 142 inspections across 110 restaurants, avg score 16.8 (B band), with 89 A / 25 B / 21 C; top violation codes are 10F, 10B, 08A, 02G, 06C — all typical of pizza operations. Comparable evidence: Oakberry, a clean-start new establishment (2026-06-22), scored 12 (A) at its next inspection, while pizza/food-service comparables with prior violations (Farmers Pizza & Grill 39→22, Ferox 49→22, Bagels on Bartow 40→19) all landed in B (19–22) on reinspection. Weighing the clean initial inspection and absence of complaints (A-leaning) against the near-certainty that a first graded inspection of a pizza place will cite a few of the zip's top codes and the 16.8 zip average (B-leaning), the forecast lands at the A/B boundary: score ~15, Grade B, with roughly a 40% chance of an A if the score comes in at or below 13. Confidence is moderate (0.55) due to the lack of any scored history for this specific restaurant.","['10F - Non-food contact surface improperly constructed or not kept clean (ovens, dough tables)', '10B - Food contact surface not properly washed/rinsed/sanitized', '02G - Cold food item held above 41°F (pizza prep tables)', '08A - Facility not maintained (floors/walls/ceiling)', '06C - Food not protected from contamination']",
50089183,DUNKIN,2026-07-31,A,13,B,17.0,A,A,False,True,True,0.62,"DUNKIN (CAMIS 50089183), 175 Varick St, Manhattan 10014. Last inspection 2026-06-18 scored 7 (A-range) but cited 5 violations including criticals: live mice evidence, rodent harborage conditions, cold TCS food held above 41°F, and improper thawing. The 2026-07-31 inspection (~6 weeks later) is likely a re-inspection/follow-up cycle. Rodent remediation in 6 weeks is uncertain and repeat findings are common: comparable establishments cited for mice + temperature abuse scored 5-12 initially (like this Dunkin's 7), while peers with rodent issues at re-inspection scored 18-31 (B-C); one tracked case improved 31 to 27 (C to B). Zipcode 10014 baseline averages 16.8 (B) across 340 inspections (62% A / 20% B / 16% C). Nearby 311 complaints in 75m/90d are zero (no rodent or food-poisoning reports), a mild mitigating factor. Net: partial correction expected — residual/repeat sanitation, temperature, and possibly rodent findings pull the score up from 7 into the B band (~14-22, point estimate 17), anchored by the 16.8 neighborhood average. Downside risk to C (28+) if live mice/harborage persist; upside to A (<=13) only if pest and temperature controls are fully verified clean. Confidence moderate (0.62) due to uncertainty in rodent remediation and re-inspection scope.","[""Evidence of mice or live mice in establishment's food or non-food areas (repeat/residual)"", 'Establishment not free of harborage or conditions conducive to rodents, insects or other', 'Cold TCS food item held above 41°F (temperature abuse)', 'Thawing procedure improper', 'Non-food contact surface or equipment not kept clean / unacceptable material', 'General sanitation / food-contact surface violations (zip 10014 top codes 10F, 06C, 06D, 08A)']",
50093783,EL VALLE LENOX,2026-05-05,A,11,B,19.0,A,B,False,True,True,0.65,"EL VALLE LENOX (CAMIS 50093783) had one prior inspection on 2026-02-18 scoring 22 (B) with three critical violations: missing hand washing facility, improper cooling of hot TCS food, and cold holding above 41°F. The 2026-05-05 inspection occurs ~2.5 months later, providing time to correct process-related violations (cooling, cold holding procedures) but the hand washing facility requires physical infrastructure work (plumbing) that may not be complete. Zero 311 complaints in 75m radius over 90 days is a positive signal. Zip 10037 baseline shows avg score 17.8 with 6A/7B/0C distribution, indicating a generally well-performing neighborhood. Similar restaurants with matching critical violations showed mixed reinspection outcomes (NANA THAI 26→75 C; ASIA LATINA 61→25 B; RED PANDA 63→38 C), suggesting high variance. Given the moderate prior score, time elapsed for partial corrections, and infrastructure constraints, a slight improvement to ~19 (B grade) is most likely, with the hand washing violation persisting as the primary risk factor.","['No hand washing facility in or adjacent to toilet room (critical - infrastructure fix pending)', 'Cold TCS food held above 41°F (critical - possible recurrence if refrigeration inadequate)', 'Improper cooling of hot TCS food (critical - process may not be fully corrected)', 'Non-food contact surfaces not properly cleaned/sanitized', 'Food not protected from contamination during storage']",
50001353,SAZON'S NUNEZ,2026-05-30,A,13,C,28.0,A,C,False,True,True,0.55,"Restaurant SAZON'S NUNEZ scored 32 (C grade) on 2026-04-09 Initial Inspection with 6 critical violations: live roaches, evidence of rats, harborage conditions, sewage disposal system failure, cold TCS food >41°F, and unclean non-food contact surfaces. Only 7 weeks until next inspection (2026-05-30). While temperature control and surface cleanliness are likely corrected (quick fixes worth ~12 points), the active dual pest infestations (roaches + rats) require multiple pest control treatments over 4-8+ weeks and are unlikely to be fully eradicated. The sewage disposal infrastructure issue requires significant plumbing work and permits, unlikely resolved in 7 weeks. A 311 rat sighting at 101 Wyckoff Ave (2026-03-11, within 75m) confirms ongoing neighborhood rodent pressure. Similar restaurant TACOS CUAUTLA MORELOS improved from 26 to 22 (C→B), suggesting 4-6 point improvement is typical. However, given the additional severity of sewage infrastructure failure and confirmed active infestations, improvement may be limited to 2-4 points. Zipcode 11237 baseline average is 18.1, making this restaurant a significant outlier (77% above average). Forecast: borderline C grade at score 28, with persistent pest and sewage violations keeping score at or above the 28-point C threshold. Risk of B grade (27 or below) if aggressive remediation occurred; risk of higher C score (30+) if infestations worsened.","[""Evidence of rats or live rats in establishment's food or non-food areas"", ""Live roaches in facility's food or non-food area"", 'Establishment is not free of harborage or conditions conducive to rodents, insects or other', 'Sewage disposal system is not provided, improper, inadequate or unapproved']",
50119766,LE GRATIN,2026-08-20,A,12,C,28.0,A,C,False,True,False,0.55,"LE GRATIN (new establishment) scored 37 (C) at its 2026-02-04 initial inspection with 6 violations, 3 of them pest-related (rodent harborage, non-pest-resistant garbage receptacles, filth/FRSA flies) plus 3 sanitation violations (food-contact surfaces not washed/sanitized, improperly constructed, non-food-contact surfaces unclean). Similar pest/sanitation-heavy restaurants improved at re-inspection but often stayed in B/C (GREAT TASTE USA 79->42 C->C; THE GIBSON 28->18 C->B; NEW BEACH BAR 16->10 B->A), and comparable high-pest initial inspections (AMBATO 42, FIESTA MEXICAN 38) showed no clean follow-up. Zipcode 10038 baseline avg is 17.5 (B band; A=89/B=38/C=25) and its top violation codes (10F, 02G, 06C, 06D, 10B) match LE GRATIN's profile. Nearby 311 (75m, 90d) shows only 1 complaint (foreign object, 2026-07-21) and no rodent/food-poisoning complaints, slightly tempering risk. Expecting ~6.5 months of remediation to cut the score by ~9-15 points, but persistent pest harborage keeps it at the B/C threshold. Forecast: score ~28 (range 22-34), Grade C, borderline B; ~10% chance of A, meaningful chance of B (<=27) if pest issues are fully resolved.","['Establishment not free of harborage or conditions conducive to rodents, insects or other pests', 'Filth flies or food/refuse/sewage associated (FRSA) flies or other nuisance pests', 'Garbage receptacle not pest or water resistant, with tight-fitting lids', 'Food contact surface not properly washed, rinsed and sanitized after each use', 'Non-food contact surface or equipment not kept clean', 'Food contact surface, refillable/reusable containers or equipment improperly constructed']",
50181136,MALAVITA,2026-09-14,A,13,A,10.0,A,A,True,True,True,0.75,"MALAVITA (Italian, 614 Manhattan Ave, Brooklyn 11222) scored a perfect 0 on its 2026-07-11 initial inspection with zero violations, just 2 months before the 2026-09-14 forecast date. This is the strongest predictive signal. While the 11222 zipcode baseline averages 18.0 (B grade) across 236 inspections, 58% of local restaurants achieve A grades (0-13). Nearby 311 data shows 7 complaints within 100m over 180 days, including a 2026-09-07 'Food Contaminated' report at 620 Manhattan Ave (6 doors away) and 2 rodent complaints, indicating moderate area risk. However, these complaints are at neighboring addresses, not the subject restaurant. The perfect initial score suggests strong food safety systems are in place; however, minor violations typically accumulate over 2 months of operation. Forecast assumes 1-2 minor critical violations totaling ~10 points, consistent with the top violation codes in the zipcode (10F, 08A, 06D), keeping the restaurant solidly in A grade range.","['10F - Non-food contact surface improperly constructed or maintained', '08A - Food not protected from contamination during storage or preparation', '06D - Cold holding temperature control']",
41549019,RIVERDALE BAGELS,2026-10-02,A,12,B,20.0,A,C,False,True,False,0.6,"Last inspection 2026-04-27 (Cycle/Initial) scored 35 (C-band, ungraded) with 6 violations including criticals: live mice evidence and cold TCS holding above 41°F, plus harborage, thawing, ware-washing, and non-food-contact-surface items. A 311 'Food Temperature' complaint at 5650 Riverdale Ave on 2026-04-15 corroborates the cold-holding issue, but no complaints at the address since April and no rodent/food-poisoning complaints within 100m in 180 days. Zip 10471 baseline (365 days, 53 inspections) averages 17.8 with bands A=31/B=12/C=10, and its top codes (10F, 08A, 10B, 04L, 06D) match this restaurant's violations — common, correctable issues. Comparable restaurants with similar 30–38-point violation clusters improved to 13 (A), 25 (B), and 12 (A) at next inspection (avg ~17). Weighing the poor 35-point baseline against demonstrated correction patterns, the better-than-average zip baseline, and quiet recent complaint activity: central estimate ~20 points = Grade B (range 14–27). Residual risk of C (28+) if mice/cold-holding criticals recur; upside to A (≤13) if all six items are corrected. Confidence moderate (0.6).","['Cold TCS food held above 41°F (10F)', 'Ware washing / sanitizing of tableware (08A)', 'Improper thawing procedure (10B)', 'Non-food contact surface not kept clean / unacceptable material (06D)', 'Possible repeat vermin evidence — mice/harborage (04L)']",
50171661,SPACE CLUB CAFE,2026-06-03,A,8,B,16.0,A,B,False,True,True,0.6,"SPACE CLUB CAFE (143 Waverly Ave, Brooklyn 11205) has one prior inspection: 2026-01-28 Initial Inspection, score 15 (B band) with 4 sanitation/poster violations. Zip 11205 baseline over 365 days is avg 17.8 (B band; A:74, B:32, C:17 across 126 inspections), and its violation types (06C/08A/10F family) are the zip's most common. Similar-violation restaurants mostly scored ~10 (A band) and one comparable improved 39→11, suggesting typical post-initial-inspection improvement. However, three 311 complaints at the restaurant's own address on 2026-04-30 — 'Rodents/Insects/Garbage,' 'No Permit or License,' and 'Letter Grading' — plus nearby food poisoning (440 Myrtle Ave, 2026-04-22) and rodent complaints (441 Myrtle Ave, 2026-04-14), indicate a complaint-driven inspection with elevated risk of a critical rodent citation. Netting the 15 baseline and 17.8 neighborhood average against expected improvement but rodent/permit upside risk yields a forecast of ~16 (range 13–20): Grade B most likely, with A possible (~12–13) if sanitation was fully corrected and no rodent evidence is found; C unlikely absent multiple critical violations.","['Food contact surface not properly washed, rinsed and sanitized after each use (repeat of 2026-01-28 citation)', 'Dishwashing/ware washing: tableware not properly cleaned and sanitized (repeat of 2026-01-28 citation)', 'Food, supplies, or equipment not protected from potential source of contamination during storage (repeat of 2026-01-28 citation)', ""Evidence of rodents / harborage conditions conducive to rodents (critical violation; 311 'Rodents/Insects/Garbage' complaint at 143 Waverly Ave on 2026-04-30)"", 'Choking first aid and Alcohol & Pregnancy warning posters not posted (repeat of 2026-01-28 citation)']",
50047172,CHECKERS,2026-08-31,A,12,A,13.0,A,A,True,True,True,0.6,"Own history is the strongest signal: CHECKERS scored 7 (2026-02-17, initial) and 10 / Grade A (2026-03-12, re-inspection) — both comfortably in A range (0-13) but trending slightly worse (+3). A repeat violation (non-food contact surface, unacceptable material/not clean — zip 11432's top code 10F) appeared in both inspections and may recur. All cited violations are general facility/sanitation items (no critical foodborne-illness violations), making a C (28+) very unlikely. Nearby 311: 2 'Food Spoiled' complaints (2026-06-03) at adjacent 181-12 Hillside Ave, same block; zero rodent or food-poisoning complaints. Neighborhood baseline (11432, 365 days): avg score 22.7 across 235 inspections (A=110, B=53, C=65) — this restaurant performs well below (better than) the area average. Similar-violation restaurants with low scores (7-10) show no deterioration pattern. Extrapolating the +3 trend from a base of 10 lands at ~13, right at the A/B threshold (B starts at 14); forecast Grade A with ~35% risk of slipping to B if the repeat facility violation recurs alongside new general violations. Confidence moderate (0.6) due to borderline score and only 2 prior inspections.","['Non-food contact surface or equipment made of unacceptable material, not kept clean (repeat violation cited 2026-02-17 and 2026-03-12)', 'Food contact surface not properly washed, rinsed and sanitized after each use', 'Anti-siphonage or back-flow prevention device not provided where required', ""Food, supplies, or equipment not protected from potential source of contamination (possible, given 2 nearby 'Food Spoiled' 311 complaints on same block)""]",
50141494,TOYAMA CUISINE,2026-09-24,A,8,C,32.0,A,C,False,True,True,0.6,"Anchor is the restaurant's only prior inspection (2026-05-20, initial cycle): score 38 = C-grade territory, with 6 violations including two critical items (hot TCS holding <140°F, improper thawing) plus contamination protection, missing handwashing facility, and toilet/sanitation deficiencies. A 311 'Food Contains Foreign Object' complaint at the exact address (5223 8 Ave) on 2026-08-29 — 3 months post-inspection — indicates the contamination issue likely persisted, arguing against major improvement. Mitigating factors: zero rodent or food-poisoning complaints in the 75m/90-day window, and zipcode 11220 baseline averages 18.8 (B range, A=229/B=75/C=81 of 396 inspections), though this restaurant is already double the neighborhood average. Similar-violation data was too sparse to rely on (only 1 of 11 matches had a next-inspection outcome: 24→10). Net: modest remediation expected from 38, but not enough to cross the 28-point C threshold. Forecast score ~32 (range 28–36), Grade C, moderate confidence.","['Hot TCS food item not held at or above 140 °F (repeat risk)', 'Thawing procedure improper (repeat risk)', 'Food, supplies, or equipment not protected from potential source of contamination (corroborated by 2026-08-29 foreign-object 311 complaint at exact address)', 'No hand washing facility in or adjacent to toilet room or within 25 feet of food preparation area', 'Toilet facility not maintained or provided with toilet paper, waste receptacle or self-closing door', 'Sanitized equipment or utensil improperly used']",
50089305,CJ CAFE,2026-06-26,B,25,B,22.0,A,C,True,False,True,0.68,"CJ CAFE scored 48 (C-grade) on 2026-03-23 initial inspection with 6 violations including critical mice evidence, hot TCS temperature failure, and adulterated food. The 2026-06-26 inspection occurs ~3 months later, allowing time for corrections. KING'S WOK precedent (42→24, C→B) with similar critical violations is the strongest comparable. Neighborhood baseline (zipcode 11422) averages 15.0 with 68% A-grades, but CJ CAFE started 33 points above baseline. Zero 311 complaints in 90 days is positive. Expect improvement to B-grade (score ~22) as facility issues (hand washing, back-flow) are correctable, but mice/rodent harborage and food safety culture issues likely persist, preventing an A. Range 18-28 with B most likely; C possible if pest issues unresolved.","['Evidence of mice or rodent activity (persistent pest issue)', 'Hot TCS food not held at proper temperature (140°F+)', 'Hand washing facility deficiencies', 'Facility maintenance issues (sealing, cleanliness)', 'Possible food storage/labeling violations']",
50098516,ZHU JI DUMPLING HOUSE,2026-08-08,B,27,B,15.0,A,A,True,False,True,0.55,"Strongest signal is the restaurant's own history: a spotless 2026-05-09 inspection (score 0, no violations) argues for an A, but it follows a 2025-12-17 inspection scoring 26 (B) with 6 violations including live rats, filth flies, and rodent harborage — proving a real pest/sanitation vulnerability. Counterweights pull the forecast into B: (1) a Ventilation 311 complaint at the restaurant's exact address on 2026-07-03 indicates an unresolved facility issue; (2) a Rodents/Insects/Garbage complaint within 100m on 2026-08-04, just 4 days before the inspection, raises recurrence risk given the Dec-2025 live-rat citation; (3) a 3+-person food-poisoning complaint nearby on 2026-07-21 and 12 food-related complaints within 100m in 180 days show a complaint-heavy block; (4) the zip 11354 baseline averages 21.8 (B band) with 28% of restaurants at C, and its top codes (10F, 06C, 06D, 08A, 02B) are exactly the sanitation/ventilation categories implicated here. Similar-violation analogs are sparse and mixed (one improved 9→2/A, one worsened 16→42/C), so regression is plausible but not dominant. Net: the clean May inspection caps the downside, while the July ventilation complaint at the address plus the August rodent complaint and the Dec-2025 pest history make a pristine A unlikely. Forecast score ~15 (B band 14-27), with A (≤13) as best case and C (≥28) as the pest-recurrence downside.","[""Inadequate ventilation (08A/08B) — 311 complaint at the restaurant's exact address 40-52 Main St on 2026-07-03"", 'Non-food contact surface improperly maintained/not clean (10F) — most common violation in zip 11354', 'Food not protected from contamination (06C) — cited 2025-12-17 and top-3 zipcode code', 'Possible rodent harborage/pest recurrence (02B/04L) — live rats cited 2025-12-17; rodent/insect/garbage complaint within 100m on 2026-08-04', 'Personal cleanliness / soiled outer garments (10B/10G) — cited 2025-12-17']",
50181859,PUENTE DEL REY PIZZA Y PICA POLLO RESTAURANT,2026-06-12,B,19,B,23.0,A,C,True,False,True,0.6,"New establishment scored 29 (C-band) at its 2026-05-01 pre-permit/initial inspection with critical cold-holding (>41°F), adulteration/contamination, unclean non-food contact surfaces, and toilet-facility violations, and has no corrective track record yet. Similar-pattern restaurants' next scores averaged ~23 (B) with high variance (FRAME 28→51 C; PARIS BAGUETTE 40→7 A; TACOMBI 31→12 A), and the 10463 baseline averages 17.8 (B; 51A/20B/16C). Only one nearby 311 complaint (food worker illness, 2026-03-20); no rodent or food-poisoning signals. Expect improvement from 29 into the B band but not to A, given persistent critical temperature/contamination risk.","['Cold TCS food held above 41°F (10F)', 'Non-food contact surface/equipment not kept clean (02B)', 'Food, supplies, or equipment not protected from contamination during storage', 'Toilet facility not maintained (toilet paper/waste receptacle/self-closing door)', 'Hot holding temperature control (10B)']",
50165646,FLAMEZ CUISINE,2026-06-11,B,19,B,20.0,A,C,True,False,True,0.55,"FLAMEZ CUISINE (CAMIS 50165646, Caribbean, 3728 Bronxwood Ave, Bronx 10469) has one prior inspection: 2026-05-01 Cycle/Initial Inspection, score 37 (C band) with 6 violations, several critical or structural (improper TCS cooling, food-contact sanitization, wiping cloths, no handwashing facility within 25 ft of food prep, missing back-flow prevention, unprotected food storage). That score is a strong negative signal, but it is an initial inspection ~6 weeks before the forecast date, and initial inspections typically overstate ongoing risk. The strongest comparative evidence — restaurants with similar violation patterns — improved sharply at re-inspection (JHOANES BAKERY & COFFEE 34→12 grade A on 2026-03-17; DELICO 16→13 grade A on 2026-04-02), supporting a meaningful drop. Nearby 311 complaints are zero (no rodent/food-poisoning complaints within 75 m in trailing 90 days), a neutral-to-positive signal. Zipcode 10469 baseline over 365 days: 70 inspections, 53 restaurants, avg score 16.4 (B band), bands 42 A / 16 B / 11 C — the neighborhood is mostly A/B, pulling the forecast toward the middle. Offsetting factors: two violations are structural (handwashing facility, back-flow prevention) and may not be fully corrected in ~6 weeks, and cooling/sanitization lapses often recur, creating residual C risk. Net: expect improvement from 37 but not a full jump to A. Forecast score ~20, grade B (modal outcome), with upside to A (≤13) if all items including structural are corrected and downside to C (28+) if the handwashing/back-flow items remain uncorrected. Confidence moderate (0.55) given only one prior inspection and mixed structural-fix uncertainty.","['TCS food not cooled by an approved method after cooking or removal from hot holding', 'Food contact surface not properly washed, rinsed and sanitized after each use', 'Wiping cloths not stored clean and dry or in a sanitizing solution between uses', 'No hand washing facility in or adjacent to toilet room or within 25 feet of a food preparation area (structural — may persist)', 'Anti-siphonage or back-flow prevention device not provided where required (plumbing — may persist)', 'Food, supplies, or equipment not protected from potential source of contamination during storage']",
50007742,BOOTLEG BAR,2026-06-17,B,18,C,30.0,A,C,False,False,True,0.62,"Strongest signal is the restaurant's own history: BOOTLEG BAR (CAMIS 50007742, 1438 Myrtle Ave, Brooklyn 11237) scored 34 (C grade) at its only prior inspection on 2025-11-13, roughly 7 months before the 2026-06-17 cycle inspection, with six violations including live rats, filth/FRSA flies, no pest management contract, and rodent harborage — a severe, structural pest profile implying multiple critical violations (~15-20 pts from pest items alone). No re-inspection or corrective record exists between Nov 2025 and the forecast date. Nearby 311 data shows 1 rodent complaint ('Condition Attracting Rodents', 244 Menahan St) on 2026-05-22 within 75m, about 3 weeks before the inspection, indicating active rodent pressure on the block and elevated repeat-finding risk. Zipcode 11237 baseline (213 inspections, 163 restaurants, 365 days) averages 18.6 with bands A=121/B=50/C=39; Bootleg Bar's 34 is ~15 points worse than the zip average and in the worst ~18% band, and the zip's top violation code 10F (food-contact sanitation) matches one of this restaurant's prior violations. Similar-violation restaurants mostly scored 7-15 and held A grades, but those were far milder profiles and not comparable to a live-rats/no-pest-contract combination. Expect partial improvement at best (some sanitation items corrected), but likely repeat pest/harborage findings keep the score in the C band. Forecast: score ~30 (plausible range 26-36), Grade C. A B grade (14-27) is possible only if the operator has since secured a pest management contract, eliminated harborage, and passed an interim check — none of which is evidenced. Confidence moderate (0.62) due to single prior inspection and ~7-month gap, partially offset by the fresh nearby rodent complaint.","[""Evidence of rats or live rats in establishment's food or non-food areas (repeat risk)"", 'Establishment not free of harborage or conditions conducive to rodents, insects or other pests', 'Contract with a pest management professional not in place / no record of extermination activity', 'Food contact surface not properly washed, rinsed and sanitized (zipcode 11237 top code 10F)', 'Filth flies or food/refuse/sewage-associated (FRSA) flies or other nuisance pests', 'No hand washing facility in or adjacent to toilet room or within 25 feet of food preparation area']",
50179489,SHUNDECK RESTAURANT,2026-05-26,B,24,B,17.0,A,C,True,False,True,0.55,"Single prior inspection (2025-12-15, Pre-permit/Initial) scored 36 = C, with a correctable facility/sanitation cluster plus one critical cold-holding violation; no trend yet. Similar-profile restaurants mostly improved sharply on the next inspection (Capital One Cafe 37→12 A, Matto Espresso 41→11 A, Iffys 52→0 A) versus one worsening (Cuppa Tea 28→44 C), so I pull the score down from 36 but not to A. Zip 11214 baseline averages 17.6 (A84/B24/C31, ~22% C) with top codes 10F/08A/06C/02B/04L matching this restaurant's profile. Two recent same-block 311 food complaints (2026-04-08 'Food Contaminated' at 2343 86 St; 2026-03-22 'Food Spoiled' at 2335 86 St; no rodent/food-poisoning) add mild negative pressure. Net: ~17 sits at the zip average in the B band; A is plausible if all cited items (esp. cold holding and hand-washing) are corrected, C if the critical temperature violation repeats.","['Cold TCS food held above 41°F (critical temperature control, code 02B)', 'Wiping cloths not stored clean/dry or in sanitizing solution between uses (04L)', 'Non-food contact surface/equipment not kept clean or of unacceptable material (10F)', 'No hand washing facility in/adjacent to toilet room or within 25 ft of food prep area (08A)', 'Personal cleanliness inadequate / soiled outer garment']",
50134685,HIDE & SEEK,2026-06-29,B,18,C,32.0,A,C,False,False,True,0.65,"Initial cycle inspection on 2026-04-20 scored 56 (no grade yet) with six violations including critical, structural issues: live mice evidence, rodent harborage, hot TCS food below 140°F, and improper food contact surfaces. The ~70-day remediation window before the 2026-06-29 inspection allows partial fixes (ware-washing training, contamination controls), and similar-violation restaurants scored 16–25 with one improving 22→11 (A) on reinspection — so improvement from 56 is expected. However, mice/harborage and food-contact-surface deficiencies are structural and commonly repeat within one cycle, and a nearby 311 complaint ('Food Contains Foreign Object', 603 Manhattan Ave, 2026-04-29, 10 days post-inspection) indicates problems persisted on this block. Zipcode 11222 baseline (avg 18.1; 68% A, 15% C) confirms 56 is a severe outlier. Forecast: score improves to ~32 (range 28–40), remaining above the C threshold of 28. Grade C most likely (~65%); B possible (~25%) if pest and equipment issues are fully resolved; A unlikely (<5%). Key risk: repeat mice/harborage and hot-holding citations.","['Evidence of mice or live mice / harborage conducive to rodents (repeat, critical)', 'Hot TCS food not held at or above 140°F (repeat temperature-control failure)', 'Food contact surfaces improper — design/construction/maintenance (zipcode 11222 top code 10F)', 'Food/supplies/equipment not protected from contamination during storage', 'Ware-washing: cleaning and sanitizing of tableware (possible repeat)']",
50161998,SUPER NICE PIZZA,2026-05-12,B,27,B,25.0,A,B,True,False,True,0.62,"SUPER NICE PIZZA (196 W 108 St, zip 10025) had one prior inspection on 2026-01-21 scoring 24 (B-range) with 6 violations including critical pest findings: evidence of rats and filth flies. The 2026-05-12 inspection occurs ~3.5 months later. While new restaurants often improve post-initial inspection, a 311 rat sighting on 2026-04-14 at 202 W 108 St (6 doors away) indicates persistent rodent pressure in the immediate area. Zipcode 10025 baseline averages 17.6 (59% A, 21% B, 18% C), but this restaurant's specific pest history elevates risk. Similar-violation restaurants (rats + temp control + pest issues) scored 23-56, clustering in B-C range. Forecast: B grade (score 25) reflecting partial remediation of temperature/equipment issues but likely persistent pest concerns given the recent nearby rat activity.","[""Evidence of rats or live rats in establishment's food or non-food areas"", 'Cold TCS food item held above 41°F', 'Dishwashing and ware washing: cleaning and sanitizing of tableware', 'Non-food contact surface or equipment not kept clean', 'Filth flies or food/refuse/sewage associated flies']",
40547874,ALIBI CLUB,2026-07-18,B,22,C,30.0,A,C,False,False,True,0.6,"ALIBI CLUB's only prior inspection (2026-05-21, ~8 weeks before the forecast date) scored 44 — deep C territory (28+) and more than double the 11205 zipcode average of 18.9. Four of six violations were pest-related (rodent harborage, no pest-management contract, pesticide misuse, filth flies) plus a critical food-contamination violation and a plumbing back-flow deficiency. A 311 rat sighting at 240 DeKalb Ave on 2026-06-03 — two doors away and two weeks AFTER that inspection — is direct evidence the rodent harborage problem persisted into June. Similar-profile restaurants sometimes improve sharply after a bad initial inspection (EL TAMALITO 72→16 B; NEW KAM LAI 47→3 A), but ROTI ON THE RUN stayed flat (25→27), and ALIBI CLUB's required fixes are structural/contractual (pest contract, harborage sealing, plumbing) rather than quick corrections, making full remediation within 8 weeks unlikely given the fresh rat sighting. Forecast assumes partial correction of food-safety items but persistent pest/plumbing violations: score ~30 (range 24–36), Grade C. A B is plausible if pest remediation is verified; an A is unlikely given ongoing rodent evidence.","['Establishment not free of harborage or conditions conducive to rodents/insects (repeat)', 'No contract with pest management professional / no record of extermination activity (repeat)', 'Filth flies or food/refuse/sewage-associated (FRSA) flies or other nuisance pests (repeat)', 'Pesticide not properly labeled or used by unlicensed individual (possible repeat)', 'Raw/cooked/prepared food adulterated, contaminated, or cross-contaminated (possible repeat)', 'Anti-siphonage or back-flow prevention device not provided where required (possible repeat)']",
50066854,DIG INN,2026-08-31,B,8,,,A,C,False,False,False,,,[],ReadTimeout: The read operation timed out
50180495,ATOMIC WINGS,2026-06-25,C,31,B,20.0,A,C,False,False,True,0.62,"ATOMIC WINGS (CAMIS 50180495) had one prior inspection on 2026-04-02 (Pre-permit/Initial) with a score of 34 (C-grade range) and 5 violations including 3 critical items: no handwashing facility, no Food Protection Certificate, and no calibrated thermometer. However, this was a pre-permit inspection, meaning the restaurant likely corrected critical permit-blocking violations to begin operations. The 2.5-month gap before the 2026-06-25 inspection allows time for remediation. Similar violation pattern analysis shows MAX BAKERY & RESTAURANT scored 27 initially and remained at 27 (B) on re-inspection, suggesting scores in the high-20s/low-30s typically moderate into the B range. The zipcode 11201 baseline average is 15.6 (B-grade) with 64% of restaurants earning A grades. Nearby 311 complaints (2 Food Establishment complaints within 75m in the last 90 days: Food Protection on 2026-06-08 and Toilet Facility on 2026-05-03) add slight upward pressure on the score. The forecast of 20 points (B grade) reflects expected improvement from fixing critical violations while retaining some minor deficiencies in dishwashing and surface cleanliness. Confidence is moderate (0.62) due to limited history (only one prior inspection) and the uncertainty of how thoroughly a new restaurant addressed its initial violations.","['Dishwashing and ware washing: Cleaning and sanitizing of tableware not properly done', 'Non-food contact surface or equipment not kept clean or in good repair', 'Food Protection Certificate (FPC) not held by manager or supervisor (if not yet obtained)', 'Properly scaled and calibrated thermometer not provided or not readily accessible (if not fully corrected)']",
50121519,MCMAHON'S PUBLIC HOUSE,2026-05-19,C,35,B,24.0,A,C,False,False,True,0.62,"McMahon's Public House scored 34 (C-grade) at initial inspection 2025-10-31 with 6 violations including 3 criticals: rodent harborage, contamination protection failure, and filth flies. While similar establishments with comparable violations improved significantly at re-inspection (URO CAFE: 18→2, HALAL KRISPY: 19→5), McMahon's higher initial score (34 vs 9-19) and recent 311 complaints on the same block raise concern: food poisoning report 2026-04-03 at 44 5 Ave (~30m), food contamination 2026-04-10 at 32 5 Ave (~50m), plus rodent complaints through April 2026. The 6.5-month remediation window and neighborhood baseline (11217 avg 15.1, B-grade) suggest improvement to B-grade territory, but persistent food safety and pest issues likely prevent an A. Forecast: score 24 (range 18-30), Grade B with C-grade risk if critical violations persist.","['Food not protected from contamination (06C)', 'Facility not vermin-proof / rodent harborage conditions (08A)', 'Unclean non-food contact surfaces (10F)', 'Improper cold holding / food temperature control']",
50045196,CAFE RAE'S,2026-06-29,C,40,B,24.0,A,C,False,False,True,0.55,"Strongest signal is the restaurant's only prior inspection: 2026-06-01 Initial/Cycle Inspection scored 29 (C band, 28+) with 5 violations, including two critical temperature-control failures (cold TCS >41°F; hot TCS <140°F) plus pesticide misuse, food-contact surface, and contamination-protection issues. The 2026-06-29 inspection is only 28 days later — enough to correct administrative/sanitation items (pesticide labeling, surfaces, contamination protection), which should pull the score down into B (14–27), consistent with the 11432 baseline (198 inspections, avg 21.9; A=95/B=50/C=49). The swing factor is the two temperature violations: if refrigeration/hot-holding equipment is not fixed in 28 days, those critical points likely repeat and push the score back to C (28+). Nearby 311 complaints (75 m, 90 days) show zero rodent/food-poisoning/food-establishment reports, arguing against a spike well above 29. Similar-pattern restaurants are mixed, but the clearest comparable (Dillingers Pub & Grill) improved 102→13 (A) on re-inspection, supporting modest improvement. Net: modest improvement to ~24 (B), with meaningful risk of C if temperature holding recurs and a smaller chance of A if fully corrected. Confidence is moderate (0.55) due to a single prior inspection and the short correction window.","['Cold TCS food item held above 41°F (repeat risk — equipment-dependent)', 'Hot TCS food item not held at or above 140°F (repeat risk — equipment-dependent)', 'Food contact surface design/construction/maintenance improper', 'Food/supplies/equipment not protected from contamination', 'Pesticide labeling/licensed-use (lower repeat risk — administrative fix)']",
50171030,EL MACO RESTAURANT,2026-06-08,C,43,B,21.0,A,C,False,False,True,0.6,"New restaurant: only prior inspection was the initial/pre-permit inspection on 2026-04-29, scoring 29 (C-band, ungraded) with 5 violations including criticals — cold TCS food >41°F (02G), food contact surface sanitation (06E), contamination protection during storage (02B) — plus FPC not held (08A) and missing backflow prevention (10F). Zero 311 complaints (rodent/food poisoning/food establishment) within 75m over the trailing 90 days — no external distress signal. Zipcode 10456 baseline: avg score 15.5 (B band), 19 A / 11 B / 4 C across 35 inspections, and its top codes (10F, 02B, 02G, 06E, 08A) exactly match this restaurant's violations — common, typically correctable issues in a generally clean area. Similar-violation restaurants scored 24–38 (avg ~31); the one with follow-up data (Hampton Inn Empire State Building, 2026-03-17) improved only 24→23, remaining B. With ~6 weeks to correct, administrative/behavioral items (FPC, sanitation, storage) should clear, but equipment items (cold holding, backflow) carry repeat risk. Net: improvement from 29 to ~21, Grade B (central range 15–27); roughly 60% B, 25% A, 15% C.","['Cold TCS food item held above 41°F (02G) — repeat risk if refrigeration not serviced', 'Anti-siphonage/back-flow prevention device not provided (10F) — plumbing correction may still be pending', 'Food Protection Certificate not held by manager/supervisor (08A) — if certified manager not yet hired', 'Food contact surface not properly washed, rinsed and sanitized (06E)', 'Food not protected from potential source of contamination during storage (02B)']",
50072475,VENICE,2026-07-20,C,34,B,26.0,A,B,False,False,True,0.55,"Anchored to the only prior cycle inspection on 2026-05-12: score 27 (grade pending), already 1 point below the C threshold (28+), with an unresolved structural handwashing violation plus contamination-protection, single-service, warewashing, and unclean non-food-contact-surface citations and no reinspection showing correction ~2 months before the 2026-07-20 visit. This is worse than the zip 10455 baseline (avg 20.5; A48/B21/C23). Offsetting factors: similar sanitation-pattern restaurants often improved (25->10 A; 19->5 A), pulling the forecast down from 27 into the mid-20s. Downside risk is elevated by rodent pressure: a 311 'Rodents/Insects/Garbage' complaint at 800 East 149 St (same block) on 2026-03-25 and four rat sightings within 100 m (2026-04-09 to 2026-05-20), so a vermin citation or repeat handwashing/contamination finding could tip the score to C (28+). Net: high-B around 26, borderline with roughly 40% C risk; confidence moderate given a single prior inspection and area-level (not restaurant-specific) 311 data.","['No hand washing facility in/adjacent to toilet room or within 25 ft of food prep area (repeat, structural)', 'Food, supplies, or equipment not protected from potential source of contamination during storage', 'Single service article not provided / reused or not protected from contamination', 'Dishwashing/warewashing: cleaning and sanitizing of tableware not properly done', 'Non-food contact surface/equipment of unacceptable material or not kept clean', ""Possible vermin/rodent evidence given same-block 311 'Rodents/Insects/Garbage' complaint and nearby rat sightings""]",
41236257,DUNKIN,2026-06-08,C,36,,,A,B,False,False,False,,,[],ReadTimeout: The read operation timed out
50098186,NY HAPPY FAMILY INC,2026-06-25,C,47,B,21.0,A,C,False,False,True,0.55,"Anchor: initial cycle inspection 2025-11-25 scored 28 (C grade) on a severe pest cluster (live mice evidence, rodent harborage, non-pest-resistant garbage receptacle, filth flies, contamination protection) plus missing FPC. Positive signal: administrative inspection 2026-05-28 cited zero violations, suggesting remediation ~6 months post-C. Calibration: 5 restaurants with the same violation cluster scored 19-21, and their next inspections landed at 2 (A) and 26 (B) - modal re-inspection outcome is B. Zip 11354 baseline (431 inspections, 365d) averages 21.2 (B band; A:207/B:98/C:114), and its top codes (10F, 06C, 06D, 08A) are the exact same FPC/rodent cluster, indicating persistent neighborhood pest pressure. Nearby 311 (75m, 90d): 6 complaints including 1 Food Poisoning (2026-04-20, '1 or 2' ill, at 135-11 40 Rd - same block) plus foreign object, food protection, letter grading, and food temperature complaints. Weighing the clean May 2026 inspection and similar-restaurant B-band re-inspections against the C-grade history and neighborhood rodent pressure, I forecast ~21 points = Grade B (range 15-27). Tail risk: C (28+) if mice/harborage recur (~25-30%); A (~15%) if remediation is complete. Likely violations: repeat rodent/pest codes (06C/06D/08A) and FPC (10F), with possible temperature (02B) given the nearby 311 food temperature complaint.","['Food Protection Certificate (FPC) not held by manager or supervisor of food operations (10F)', ""Evidence of mice or live mice in establishment's food or non-food areas (06C) - repeat risk"", 'Establishment not free of harborage or conditions conducive to rodents, insects or other pests (06D) - repeat risk', 'Garbage receptacle not pest or water resistant, with tight-fitting lids, and covered (08A)', 'Food held at improper temperature (02B)']",
50126259,LEDO PIZZA,2026-07-30,C,28,B,18.0,A,A,False,False,True,0.6,"Ledo Pizza's only prior inspection (2026-01-12, Cycle/Initial) scored 12 — an A by just 1 point — with two critical violations: hot TCS food below 140°F and evidence of mice. Vermin and temperature-holding findings are exactly the violation types that recur without sustained corrective action; similar single violations elsewhere scored 5–8 (mice) and 7–10 (hot holding), so a repeat of both plus one new item lands in the mid-to-high teens. The zip 10018 baseline (avg score 19.9 across 362 inspections; B=74, C=75 vs A=203) and the fact that temperature-holding codes 06C/06D are among the zip's top violations pull the forecast upward into the B band. Mitigating factor: zero 311 rodent/food-poisoning complaints within 75m in the last 90 days, suggesting possible remediation — this keeps the forecast at B rather than C and leaves a meaningful chance of an A. Net: predicted score ~18 (range 14–24), Grade B.","[""Evidence of mice or live mice in establishment's food or non-food areas (repeat of 2026-01-12 citation)"", 'Hot TCS food item not held at or above 140 °F (repeat of 2026-01-12 citation)', 'Non-food contact surface not properly constructed or not kept clean (code 10F, the most common violation in zip 10018)']",
50176811,DAANA PAANI,2026-05-13,C,45,B,20.0,A,C,False,False,True,0.6,"DAANA PAANI (CAMIS 50176811) scored 30 (C-band) on its 2026-04-16 initial/pre-permit inspection, with a critical 'live roaches' violation plus rodent harborage, food-contact sanitation, dishwashing, contamination-protection, and back-flow violations. The 2026-05-13 inspection is a re-inspection ~4 weeks later, so correctable sanitation/plumbing items were likely fixed, pulling the score down from 30. However, 311 data shows ongoing block-level pest pressure: 8 complaints within 100m in 120 days (7 Food Establishment, 1 Rodent), including 'Rodents/Insects/Garbage' at 248-03/248-05 Union Turnpike (doors away) on 2026-04-07, 04-19, 04-23 and a 'Condition Attracting Rodents' complaint on 2026-04-30 — after the restaurant's own inspection — making full roach eradication in 4 weeks unlikely. Zip 11426 baseline (13 inspections, avg 19.5; A=6, B=4, C=3) supports regression toward B. Similar roach/sanitation violators scored 9-12 and improved on re-inspection, but all started far below 30. Net: one likely repeat critical (roaches/harborage, ~7-10 pts) plus a few general violations lands at ~20, Grade B (14-27). Downside risk: if live roaches are again observed in food areas or multiple criticals repeat, score exceeds 28 → Grade C.","[""Live roaches in facility's food or non-food area (possible repeat critical)"", 'Establishment not free of harborage or conditions conducive to rodents/insects', 'Food contact surface not properly washed, rinsed and sanitized', 'Dishwashing/ware washing: cleaning and sanitizing of tableware', 'Anti-siphonage or back-flow prevention device not provided where required']",
50106170,RUTA OAXACA,2026-07-22,C,39,B,22.0,A,C,False,False,True,0.65,"RUTA OAXACA scored 30 (Grade C) on 2025-12-04 initial inspection with critical mice evidence and 5 violations. While 75% of comparable C-grade restaurants improve on reinspection, two recent 311 complaints signal persistent issues: a rat sighting on 2026-05-27 (32-51 35 St, within 75m) and a toilet facility complaint on 2026-07-11 (35-05 Broadway, adjacent address) matching the prior hand-washing violation. The July 11 complaint is just 11 days before inspection, suggesting the toilet/handwash issue remains unresolved. Zip 11106 baseline average is 19.7 (B range). Forecast assumes partial remediation: sanitation violations likely corrected, but rodent and hand-washing violations persist, yielding a score of 22 (B grade, 14-27 range). Risk of C grade (~30%) if mice evidence is observed again.","['Evidence of mice or harborage conducive to rodents', 'No hand washing facility in or adjacent to toilet room or within 25 feet of food preparation area', 'Food contact surface not properly washed, rinsed and sanitized after each use']",
