camis,dba,as_of,actual_grade,actual_score,predicted_grade,predicted_score,baseline_grade,score_baseline_grade,correct,baseline_correct,violation_hit,confidence,reasoning,likely_violations
41286149,REMEDY DINER,2026-05-21,A,10,B,26.0,A,B,False,True,True,0.55,"Anchor on the only prior inspection: 2025-11-05 Cycle/Initial, score 18 (B band, ungraded) with repeat-prone temperature-control and sanitation violations (cold TCS >41°F; food-contact surfaces not washed/rinsed/sanitized; non-food surfaces unclean) plus plumbing and pesticide-labeling citations. Per calibration, re-inspections usually stay in the same band and I adjust the last score by at most ~8. Zip 10002 baseline is 18.7 (A=157/B=69/C=56), consistent with B. Adverse signals push upward: within 100m/120 days there were 3 food-poisoning complaints — including one AT 245 East Houston St on 2026-05-02 ('1 or 2' cases), ~3 weeks before this inspection — plus a pet/animal complaint (240 E Houston, 2026-02-28) and a rat sighting (170 E 2 St, 2026-02-27). Similar-violation restaurants scored 12–58, with the closest analog re-inspecting at 33 (C). Net: 18 + ~8 (repeat violations + same-address food-poisoning complaint + nearby rodent) ≈ 26, i.e., B (14–27), but with meaningful C risk (28+) if the 2026-05-02 food-poisoning complaint reflects uncorrected temperature/sanitation failures. Confidence is moderate because the strongest adverse signal (the same-address complaint) is not yet a confirmed inspection violation.","['Cold TCS food held above 41°F (temperature control, code 10F)', 'Food contact surface not properly washed, rinsed and sanitized (06C/08A)', 'Non-food contact surface/equipment not kept clean (08A)', 'Anti-siphonage/back-flow prevention not provided (plumbing)', 'Possible vermin/rodent activity given nearby rat-sighting complaint (04L/08A)']"
50074877,LA PASTORA BAKERY,2026-09-21,A,12,C,38.0,A,C,False,True,True,0.72,"Anchor on the most recent inspection (2026-08-17, Cycle/Initial): score 36, firmly in the C band (28+), with serious multi-system violations — live mice, rodent harborage, hot TCS food below 140°F, and cold TCS food above 41°F. Per calibration, re-inspections usually land in the same band, and there is no evidence of remediation in the ~5 weeks since. Adjustments push slightly upward (within the ~8-point cap): (1) a food-poisoning 311 complaint at the restaurant's own address (726 East 152 St, 2026-04-27) plus another nearby on 2026-08-02, consistent with the temperature-control failures; (2) a rat-sighting complaint at 665 Westchester Ave (2026-01-05) within 150m; (3) 4 food-poisoning complaints in the 150m/365-day window. The 10455 zipcode baseline (avg 20.5, A-heavy) would suggest B, but it is a weak prior against direct evidence of a 36. Similar restaurants with mice + TCS-temperature violations showed volatile re-inspections (next scores 11, 27, 55), so improvement is not assumed. Net forecast: ~38, Grade C, with risk skewed worse if mice and holding-temperature violations persist.","[""Evidence of mice or live mice in establishment's food or non-food areas (repeat)"", 'Establishment not free of harborage or conditions conducive to rodents (repeat)', 'Hot TCS food item not held at or above 140°F (repeat)', 'Cold TCS food item held above 41°F (repeat)', 'Non-food contact surface or equipment not kept clean (repeat)', 'Anti-siphonage or back-flow prevention device not provided where required (repeat)']"
50071914,LA CABANA PERUANA RESTAURANT,2026-09-23,A,12,C,35.0,A,C,False,True,False,0.78,"Anchored on last inspection score of 31 (2025-11-20, C grade) with critical violations including cold holding above 41°F, missing Food Protection Certificate, and improper cooling. Per calibration, restaurants scoring 28+ typically score 28+ again on re-inspection. Added +4 points for active rodent complaints in immediate vicinity (2026-09-06 rat sighting at 178 Beach 92 St, 2026-09-04 rodents/garbage at 92-01 Rockaway Beach Blvd) and food poisoning complaint (2026-06-20). No evidence of corrective action for FPC or temperature control issues. Zipcode 11693 baseline is 11.9 (mostly A grades), but this restaurant is a significant outlier.","['Cold TCS food held above 41°F', 'Food Protection Certificate not held by manager', 'Rodent activity/harborage', 'Improper cooling of TCS food', 'Food adulterated or contaminated']"
50077163,OLDE BROOKLYN BAGEL SHOPPE,2026-05-13,A,9,B,25.0,B,B,False,False,False,0.62,"Anchor on most recent score: 22 on 2026-04-23 (strongest predictor; re-inspections usually stay in-band). History is flat-to-worsening: 28 (2025-10-27) → 22 B (2026-01-08) → 22 (2026-04-23), with cold TCS holding above 41°F repeated in all three inspections — a persistent uncorrected critical violation. Adjustments (within ±8): +2-3 for the thrice-repeated cold-holding violation, +1-2 for prior C-level pest/harborage findings (2025-10-27 score 28), +0-1 because the restaurant's 22 is worse than the 11238 zipcode baseline avg of 17.9 (151 inspections, 124 restaurants; bands A=87/B=39/C=25), offset slightly by only 1 nearby 311 complaint in 90 days (Food Worker Activity, 2026-02-17, adjacent address) and no rodent/food-poisoning complaints. Similar-pattern precedent (RADHUNI SWEETS & RESTAURANT) scored 28 then worsened to 33 (C) on re-inspection, supporting upside risk. Net: 22 + ~3 = ~25 → Grade B (14-27), with a real chance of slipping to C (28+) if cold-holding and pest issues recur. Confidence moderate (0.62) due to the repeat-violation upside risk.","['Cold TCS food item held above 41°F (repeated in all 3 prior inspections: 2025-10-27, 2026-01-08, 2026-04-23)', 'No hand washing facility in or adjacent to toilet room (2026-04-23)', 'Sanitized equipment/utensils improperly used (2026-04-23)', 'Juice packaged on premises with no/incomplete label (2026-01-08 and 2025-10-27)', 'Possible pest harborage/filth flies (prior C-level finding 2025-10-27)']"
50102109,KUIH CAFE,2026-09-12,A,11,C,36.0,A,C,False,True,True,0.62,"Anchor on the most recent inspection: 2025-10-10 Cycle/Initial Inspection scored 35 (C band, ungraded) with 4 violations — vermin harborage, filth flies/FRSA pests, no pest-management contract, and inadequate ventilation. Per calibration, a restaurant scoring 28+ last time most often scores 28+ again, so I anchor at 35 and do not assume improvement without evidence. Adjustments (bounded ±~8): 311 complaints within 75m over 180 days = zero rodent/food-poisoning complaints (mildly favorable, ~-2, but complaints under-report vermin); zipcode 10002 baseline avg 18.6 with 26% C-band is a weak prior against a direct recent C score; the violation cluster (harborage + filth flies + missing pest contract + ventilation) is a classic repeat-offender pattern requiring structural fixes, pushing +2-4 against improvement. Similar-violation analog (EL TAMALITO 72→16) shows improvement is possible but is a single outlier from a worse score and insufficient to predict remediation. Net: 35 - 2 + 3 ≈ 36. Forecast: score ~36, Grade C. A B would require verified remediation of the pest contract and ventilation, for which no evidence exists. Confidence moderate: single prior inspection is a strong but limited anchor (initial inspections can be noisy) and no 311 data corroborates ongoing problems.","['Establishment not free of harborage or conditions conducive to rodents/insects (repeat)', 'Filth flies or food/refuse/sewage-associated (FRSA) nuisance pests (repeat)', 'No contract with pest management professional / no extermination records (repeat)', 'Mechanical or natural ventilation inadequate or improperly installed (repeat)', 'Food held at improper temperature (10F)', 'Hand-washing / sanitizer issues (06C/08A)']"
50088409,VAN LEEUWEN ICE CREAM,2026-09-09,A,12,B,25.0,A,B,False,True,True,0.62,"Anchored on the most recent inspection (2026-02-26, score 18, B band, ungraded cycle/initial) per calibration — the last score is the strongest predictor and re-inspections usually stay in the same band. Zipcode 10024 baseline (avg 19.1 over 205 inspections; A=115/B=39/C=44) corroborates the B band. Negative adjustment of +7: 6 rodent and 2 food-poisoning 311 complaints within 100m in the last 180 days (incl. rat sightings on W 81 St and Amsterdam Ave, and a food-poisoning report at 462 Amsterdam Ave on 2026-08-16) signal ongoing pest/food-safety pressure, and the prior violations (FPC, equipment materials, warewashing) are operational issues prone to repeat. Similar-violation restaurants scored 12-22, with one escalation to C (71), supporting a B-to-borderline-C range. No evidence of corrective action, so no improvement assumed. Central estimate 25 (B); C (28+) is possible (~25-30%) if pest/warewashing violations recur, A is unlikely given the complaint environment.","['Food Protection Certificate (FPC) not held by manager or supervisor of food operations (repeat)', 'Non-food contact surface or equipment made of unacceptable material / not kept clean (repeat)', 'Dishwashing and ware washing: cleaning and sanitizing of tableware (repeat)', 'Possible pest/rodent-related violation given 6 nearby 311 rodent complaints in 180 days']"
41437528,BENNY'S BRICK OVEN,2026-09-09,A,13,C,40.0,A,C,False,True,True,0.82,"Anchor on the most recent inspection (2026-04-15) score of 38, already in the C band (28+); calibration indicates re-inspections usually remain in the same band and a 28+ score most often repeats as 28+. Adjust upward within the ~8-point cap due to unresolved, worsening evidence: a 311 'Rodents/Insects/Garbage' complaint at the exact address (1802 Avenue M) on 2026-08-30, only 10 days before the forecast inspection, plus a rodent complaint at adjacent 1806 Avenue M on 2026-08-12 and a mouse sighting nearby on 2026-07-06. The prior inspection cited both live mice and dual temperature abuse (cold TCS >41°F, hot TCS <140°F) with no documented remediation or follow-up grade. The zipcode 11230 baseline average of 20.5 is a weaker signal and does not offset this specific evidence; per calibration, do not assume improvement without evidence. Net: anchor 38 plus a modest upward adjustment for active, unresolved rodent and temperature-control risk yields a point estimate of ~40, firmly C.","[""Evidence of mice or live mice in establishment's food or non-food areas"", 'Cold TCS food item held above 41°F', 'Hot TCS food item not held at or above 140°F', 'Non-food contact surface or equipment made of unacceptable material or not kept clean', 'Food, supplies, or equipment not protected from potential source of contamination', 'Anti-siphonage or back-flow prevention device not provided where required']"
50011214,THE CRABBY SHACK,2026-09-23,A,10,A,13.0,A,A,True,True,False,0.5,"Anchor on the most recent inspection (strongest signal per calibration): 2026-06-19 Inter-Agency Task Force/Initial Inspection scored 0 with no violations — the restaurant's latest state is clean, so I avoid over-predicting B or regressing fully to the mean. Prior 2026-03-11 Initial Inspection scored 15 (B) with food-safety-critical violations (HACCP plan not maintained; dishwashing/sanitization of tableware; ROP equipment not approved) that are prone to recur in a seafood operation. Zipcode 11238 baseline (243 inspections/187 restaurants, 365d) averages 19.2 (B; A=135/B=57/C=49) with top codes 10F, 06C, 08A, 10B, 06D (sanitation/temperature). Nearby 311 (100m, 180d) shows elevated area risk: Rodent 5, Food Establishment 3, Food Poisoning 1 — incl. rat sightings at 603/625 Franklin (Jul–Sep 2026), 'Rodents/Insects/Garbage' at 609 Franklin on 2026-09-10 (13 days before inspection), and a food-poisoning complaint at 942 Bergen (2026-07-28); however these are adjacent addresses, not confirmed at 613 Franklin. Similar-violation restaurants scored 10–41, and the one with a known follow-up (SAWAAN THAI) worsened 31→39 (C). Net: anchored on the clean June score (0), adjusted modestly upward for area rodent pressure and repeat HACCP/sanitization risk, landing at the top of A (13) — borderline; observed rodent activity or repeat HACCP/sanitization violations on 2026-09-23 would push this into B (14–27), and heavy rodent evidence could reach C (28+).","['Non-food contact surfaces not properly cleaned (10F) — area rodent/garbage pressure', 'Dishwashing/ware-washing: cleaning & sanitizing of tableware (repeat from 2026-03-11)', 'HACCP plan not approved or maintained on premises (repeat from 2026-03-11)', 'Rodents/insects/garbage / rodent harborage (08A/10B) — 5 nearby 311 rodent complaints']"
50048923,MILLY'S PIZZERIA,2026-05-13,A,7,B,24.0,A,B,False,True,True,0.7,"Anchor on the most recent inspection: 2026-04-25 Initial Inspection scored 21 (B band, ungraded) at MILLY'S PIZZERIA, 834 Broadway, Brooklyn 11206. It carried two critical temperature violations (hot TCS holding <140F and improper TCS cooling) plus a non-food-contact cleanliness violation and unposted grade card; with only ~18 days to the 2026-05-13 re-inspection and no evidence of corrective action, these are likely to recur, so I do not assume improvement. Calibration says re-inspections usually stay in the same band, so 21 is the base with at most ~+8 adjustment. Adjustments: +3 for unresolved critical hot-holding/cooling violations (hard to fix quickly, high recurrence), +2 for nearby 311 pressure within 75m/90d (Food Contaminated at 824 Broadway on 2026-03-10, ~10 doors away; Rat Sighting at 896 Park Ave on 2026-04-03), and -2 because zip 11206 baseline averages 19.7 (132 inspections; A=88, B=16, C=26), slightly below the anchor. Net +3 -> 24, still firmly in B (14-27). Similar-pattern evidence supports band persistence rather than improvement (e.g., Heritage Grand Bakery 41 -> 39 stayed C; other critical-violation restaurants showed no reliable next-score drop). Confidence moderate-high: the score is tightly anchored to a very recent 21, but the short correction window and nearby food-safety/rodent complaints leave some upside risk toward C.","['Hot TCS food item not held at or above 140 F', 'After cooking or removal from hot holding, TCS food not cooled by an approved method', 'Non-food contact surface or equipment made of unacceptable material, not kept clean', 'Current letter grade or Grade Pending card not posted', 'Possible vermin/rodent evidence given nearby rat sighting']"
50008170,SOUTH SHORE HOT BAGELS,2026-06-09,A,7,B,16.0,A,B,False,True,False,0.62,"Anchored on the most recent (and only) inspection: 2026-04-01 Cycle/Initial, score 14 (ungraded), squarely at the B threshold (14–27). Both citations were temperature-holding violations (cold TCS >41°F; hot TCS <140°F), which are repeat-prone at a sandwich/bagel shop and are re-checked closely on re-inspection. Zipcode 10309 baseline (48 inspections, 41 restaurants) averages 14.0 with bands A:31/B:11/C:6, and its top violation codes (10F, 06D, 02G, 10B, 06A) match this restaurant's cited categories — supporting ~14, not A. 311 complaints: zero rodent/food-poisoning/food-establishment complaints within 100m over 120 days and within 150m over 180 days, so no upward pressure. Similar temperature-holding cases scored 7–10 but are different establishments and not used to pull the forecast down. Per calibration, I anchor on the last score (14) and adjust only +2 (within the ±8 limit) for repeat temperature violations with no evidence of sustained correction just ~10 weeks later. Forecast: score 16, Grade B, with tail risk of C (28+) if temperature holding repeats or a complaint surfaces; A is not supported by the evidence.","['Cold TCS food held above 41°F (incl. smoked/processed fish above 38°F) — repeat of 2026-04-01 citation (10F/06D family)', 'Hot TCS food not held at or above 140°F — repeat of 2026-04-01 citation', ""Possible secondary: food-contact surface / utensil sanitation (02G/10B), among 10309's top violation codes""]"
50050015,MANCHEGO-KOKO,2026-08-14,B,27,C,28.0,A,C,False,False,True,0.75,"Anchoring on the most recent inspection (2025-11-15) where MANCHEGO-KOKO scored 31 (Grade C) with confirmed live rats and rodent harborage violations. Per calibration, restaurants scoring 28+ typically remain in the C band on re-inspection. A 311 complaint on 2026-05-06 (Rodents/Insects/Garbage) at 1416 Cortelyou Road—same block, 3 months ago—indicates persistent pest pressure with no evidence of remediation. While the zipcode 11226 baseline averages 18.2, this restaurant is a severe outlier. Applying a modest downward adjustment of ~3 points (within the ±8 point limit) for possible partial remediation over 9 months, but not enough to cross into B territory given the active rodent complaint and lack of corrective inspection history. Predicted score of 28 places the restaurant at the C-grade threshold (28+), consistent with the pattern that critical violations like live rats tend to recur without documented intervention.","[""Evidence of rats or live rats in establishment's food or non-food areas"", 'Establishment is not free of harborage or conditions conducive to rodents, insects or other pests', 'Food contact surface not properly washed, rinsed and sanitized after each use', 'Accurate thermometer not provided or properly located in refrigerated or cold storage', 'Anti-siphonage or back-flow prevention device not provided where required']"
41067996,DINO'S PIZZA,2026-08-17,B,22,C,32.0,A,B,False,False,True,0.65,"Anchor: DINO'S PIZZA's only prior inspection (2026-06-03, Cycle Inspection) scored 26 — top of the B band, just 2 points below the C threshold (28+). Per calibration, re-inspections usually land in the same band, and 26 is precariously close to C. Adjustments (+6): (1) the prior critical temperature-control violation (hot TCS food <140°F) is a systemic food-safety issue with no evidence of correction; (2) FPC and personal-cleanliness violations are administrative/hygiene issues prone to repeat; (3) intense rodent pressure on the same block — 15 rodent and 6 food-establishment 311 complaints within 100m in 180 days, including rat sightings on 2026-08-12 and 2026-08-14, just days before this inspection — raises the probability of a vermin citation at a pizza shop with open food prep. Zipcode 10471 baseline (avg 17.3, 18% C-graded) pulls slightly toward B but does not offset the above. Net: 26 + ~6 = ~32, Grade C. A B grade (≤27) would require demonstrable correction of temperature holding and FPC, for which there is no evidence. Confidence is moderate (0.65) because the score sits near the B/C boundary and only one prior inspection exists.","['Hot TCS food item not held at or above 140°F (repeat of 2026-06-03 violation)', 'Food Protection Certificate (FPC) not held by manager or supervisor (repeat of 2026-06-03 violation)', 'Rodents/vermin activity or evidence of rodent harborage (15 rodent + 6 food-establishment 311 complaints within 100m in last 180 days, incl. rat sightings 2026-08-12 and 2026-08-14 on the same block)', 'Personal cleanliness / soiled outer garments (repeat of 2026-06-03 violation)', 'Food contact surfaces not properly cleaned/sanitized']"
50001968,SUSHI 21,2026-07-30,B,20,C,28.0,A,B,False,False,True,0.68,"Anchor: last inspection 2026-01-06 scored 22 (B band, ungraded) with serious violations — live mice evidence, rodent harborage, cold TCS/smoked fish held above temp limits, and dishwashing sanitizing failures. Per calibration, re-inspections usually land in the same band, so I anchor on 22 and adjust upward by ~6 points (within the ~8-point limit): +4 for repeat rodent risk (mice cited in Jan; 311 shows a rat sighting 2026-05-31 at 210 W 20 St and a rodents/insects/garbage complaint 2026-05-17 at 197 7 Ave, both within 100m, indicating an ongoing pest problem 4-5 months later), +2 for repeat cold-holding risk (critical for a sushi restaurant handling smoked/processed fish), +2 for two food-establishment 311 complaints in 6 months, -2 pulled toward the zip 10011 baseline average of 17.6. Net: 22 + 6 = 28, at the C threshold (28+). Similar restaurants with rodent + temperature violations show mixed re-inspection outcomes (e.g., SHAMA 23→30 C; NEW CHINA HOUSE 24→19 B), but with no evidence of remediation and persistent neighborhood rodent complaints, the risk of a C grade is elevated. Score range 24-32; a high-B outcome (26-27) is possible only if rodent and temperature issues were corrected.","['Evidence of mice or live mice in food/non-food areas (02G/08A)', 'Establishment not free of harborage or conditions conducive to rodents/insects (08A)', 'Cold TCS food held above 41°F; smoked/processed fish held above 38°F (06C)', 'Dishwashing/warewashing: cleaning and sanitizing of tableware (06D)', 'Food contact surfaces not properly cleaned/sanitized (10F)']"
50181557,WENDY'S,2026-07-27,B,21,C,33.0,A,C,False,False,True,0.78,"Anchored on the 2026-03-03 initial inspection score of 36 (Grade C band). Per calibration, re-inspections typically remain in the same band as the prior score. Adjustments: (1) Active 311 complaints at the exact address on 2026-07-25 ('Food Contaminated') and adjacent rodent complaint on 2026-07-26 indicate ongoing sanitation and temperature control issues with no evidence of remediation; (2) Six violations in the initial inspection (hot holding, FPC, contamination protection, cleanliness, backflow, single service) suggest systemic gaps unlikely to be fully resolved in 4.5 months; (3) Zipcode 10025 baseline average is 18.1, but calibration guidance warns against regressing to the mean without evidence of improvement. Net adjustment of -3 points from the anchor (36 → 33) accounts for the possibility of partial remediation while acknowledging the fresh complaints. Score of 33 places the restaurant solidly in Grade C territory (28+). Confidence is moderate-high (0.78) given the strong anchor signal but uncertainty about whether the chain has implemented corrective actions since March.","['Hot TCS food item not held at or above 140°F', 'Food Protection Certificate (FPC) not held by manager or supervisor', 'Food, supplies, or equipment not protected from potential source of contamination', 'Non-food contact surface or equipment not kept clean', 'Condition attracting rodents / rodent activity', 'Single service article reused or not protected from contamination']"
50148442,CHINTA,2026-08-01,B,25,C,32.0,A,C,False,False,True,0.75,"Anchored on the most recent inspection (2025-12-10) where CHINTA scored 28 (C threshold) with critical temperature control and sanitation violations. Per calibration, restaurants scoring 28+ most often score 28+ again on re-inspection, and there is no evidence of corrective action. The four violations (cold holding >41°F, hot holding <140°F, unsanitized food contact surfaces, unprotected food) are operational habits likely to recur. Nearby 311 data shows 1 rodent complaint (2026-02-05, 161 Franklin St) and 3 food establishment complaints within 100m in the last 180 days, adding environmental risk. Zipcode 11222 baseline average is 17.4 (B), but the restaurant's own history dominates per calibration rules. Adjusted +4 from the anchor of 28 for repeat violation persistence and nearby rodent activity, yielding a forecast of 32 (Grade C).","['Cold TCS food item held above 41°F', 'Hot TCS food item not held at or above 140°F', 'Food contact surface not properly washed, rinsed and sanitized', 'Food, supplies, or equipment not protected from potential source of contamination', 'Rodent activity / harborage conditions']"
50077087,RANO'S CHICKEN BURGERS,2026-07-20,B,25,B,27.0,A,B,True,False,True,0.55,"Anchor on the only prior inspection: 2025-12-30 Cycle/Initial, score 23 (B band, ungraded) for RANO'S CHICKEN BURGERS, 2041 1 Ave, zip 10029. Per calibration, the last score is the strongest predictor and re-inspections usually stay in the same band, so I do not regress toward the zip mean. Adjustments (capped ~±8): upward pressure from a high-risk repeat pattern — live mice + rodent harborage + TCS food >41°F + wiping-cloth sanitizing — with no evidence of remediation in the ~7 months since; slight downward/neutral pressure from zero 311 rodent/food-poisoning complaints within 75m over 90 days and the 10029 baseline (avg 19.9 across 154 inspections/125 restaurants; A=90/B=36/C=26). Net: 23 + ~4 for persistent rodent/temperature risk = ~27, top of the B band (14–27) and borderline C (28+). Confidence is moderate (0.55) because there is only one prior inspection, but the mice + temperature-abuse combination is concrete and argues against assuming improvement.","['Evidence of mice or live mice in food/non-food areas (repeat from 2025-12-30)', 'Harborage or conditions conducive to rodents (repeat from 2025-12-30)', 'Cold TCS food held above 41°F (repeat from 2025-12-30)', 'Wiping cloths not stored clean/dry or in sanitizing solution (repeat from 2025-12-30)', 'Food-contact / non-food-contact surfaces not properly cleaned (zip 10029 top code 10F)', 'Improper cold holding / temperature control (zip 10029 top codes 08A/10B)']"
40366543,JARDIN DE CHINA,2026-08-29,B,23,B,26.0,A,B,True,False,True,0.68,"Anchoring on the most recent inspection score of 25 (2026-02-04), which falls in the B grade range (14-27). The restaurant shows a regression pattern: after a catastrophic 58 in Oct 2025 (mice, adulteration) and brief improvement to 7 at reopening, it regressed to 25 in Feb 2026 with repeat temperature control and sanitation violations. Per calibration guidance, re-inspections typically land in the same band, and there is no evidence of sustained improvement. Adjustments: +2 for repeat violation codes (temperature abuse, food contact sanitation), +1 for recent nearby 311 rodent complaint (2026-06-07 rat sighting at 37-41 Junction Blvd) given historical mice issues, -2 pull toward zipcode 11368 baseline average of 20.6. Net forecast: 26 (B). Risk of C grade (28+) exists if rodent issues have recurred or temperature controls remain deficient, but the Feb 2026 score suggests stabilization in the B range rather than the extreme 58 previously seen.","['Cold TCS food item held above 41°F', 'Hot TCS food item not held at or above 140°F', 'Food contact surface not properly washed, rinsed and sanitized', 'Food, supplies, or equipment not protected from potential source of contamination', 'Possible evidence of mice or harborage conditions conducive to rodents']"
50038753,PATSY'S PIZZERIA,2026-07-15,B,22,C,35.0,A,C,False,False,True,0.78,"Anchored on last inspection (2025-11-24) score of 35 (C band) with 5 violations including live mice evidence, missing FPC, and bare-hand contact. Recent 311 complaints within 75m confirm ongoing rodent activity: 2026-07-04 'Rodents/Insects/Garbage' and 2026-05-27 'Rat Sighting'. No evidence of remediation between November and July. Per calibration, restaurants scoring 28+ typically remain in C band on re-inspection; zipcode 11217 baseline (avg 15.7) is overridden by this establishment's persistent pest and food-safety violations. Score held at 35 (no improvement assumed) with slight upside risk from unresolved harborage.","[""Evidence of mice or live mice in establishment's food or non-food areas"", 'Establishment not free of harborage or conditions conducive to rodents', 'Food Protection Certificate (FPC) not held by manager or supervisor', 'Food worker does not use utensil or barrier to eliminate bare hand contact', 'Food, supplies, or equipment not protected from potential source of contamination']"
41130849,PATZERIA'S PERFECT PIZZA,2026-05-27,B,22,B,27.0,A,B,True,False,True,0.55,"Anchor on the most recent scored inspection (2026-03-26): score 24, B band, with 5 violations clustered around active pests (live roaches AND evidence of mice), harborage conducive to rodents/insects, a hot TCS food held below 140°F, and pesticide mislabeled/used by an unlicensed person. Per calibration, the last score is the strongest predictor and re-inspections usually stay in the same band, so B is the modal call; I adjust upward only modestly (+3) because the March findings indicate systemic sanitation/temperature/pesticide-control failures with no evidence of correction before 2026-05-27, and the calibration forbids assuming improvement without evidence. Nearby 311 complaints (75 m, last 90 days) are zero, which is mildly reassuring but does not offset documented in-establishment infestation. Zipcode 10036 baseline (341 inspections, avg 17.7; A=207/B=59/C=66) is better than this restaurant's last score, so it provides no downward pull. Similar-violation restaurants show high variance with sparse follow-up data, so I weight them lightly. Net: 24 anchored, +3 for persistent pest/temperature risk = 27, top of the B band (14-27), with a real borderline risk of crossing into C (28+) if roach/mouse and temperature violations recur at equal or greater severity. Confidence is moderate (0.55) due to only one scored inspection on record and no post-March follow-up data.","[""Live roaches in facility's food or non-food area"", 'Establishment not free of harborage or conditions conducive to rodents/insects', ""Evidence of mice or live mice in establishment's food or non-food areas"", 'Hot TCS food item not held at or above 140°F', 'Pesticide not properly labeled or used by unlicensed individual']"
50145485,KENNEDY FRIED CHICKEN,2026-07-20,B,27,C,35.0,A,C,False,False,True,0.78,"Anchored on the most recent inspection (2026-06-30, 20 days before the forecast date): score 33, ungraded/pending re-inspection, with 6 violations including live mice, rodent harborage, and cold TCS food above 41°F. Per calibration, the last score is the strongest predictor and re-inspections usually land in the same band — a 28+ score most often repeats as 28+. Corroborating signals push slightly upward rather than down: 2 rodent 311 complaints within 75m in the last 90 days (2026-05-20 'Condition Attracting Rodents' at 540 Jackson Ave; 2026-04-22 'Rat Sighting' at 540 Concord Ave), indicating active neighborhood rodent pressure that reinforces the live-mice/harborage violations. Zipcode 10455 baseline (avg 20.4; A=48/B=22/C=22 over 95 inspections) is neutral — the restaurant already scores well above the local average, so the baseline does not pull the forecast down. Similar-violation restaurants scored 19–29. With no evidence of corrective action and only 20 days elapsed, improvement is not assumed. Net adjustment: +0 to +5 over the anchor of 33 → forecast 35, Grade C (28+).","[""Evidence of mice or live mice in establishment's food or non-food areas"", 'Establishment not free of harborage or conditions conducive to rodents/insects', 'Cold TCS food item held above 41°F', 'Non-food contact surface or equipment made of unacceptable material / not kept clean', 'Pesticide not properly labeled or used by unlicensed individual', 'Design/construction/maintenance of food contact surface improper']"
50171309,TENGRI TAGH UYGHUR CUISINE,2026-07-02,C,45,C,60.0,A,C,True,False,True,0.7,"Anchor on the only prior inspection: 2025-12-22 Pre-permit/Initial Inspection scored 62 (ungraded, deep in C band) with severe systemic violations — live roaches, harborage conducive to pests, no pest-management contract, cold TCS food above 41°F, unacceptable non-food-contact surfaces, and no hand-washing facility. Per calibration, re-inspections usually land in the same band, and a 62 last time most often scores 28+ again; I do not assume improvement without evidence. Adjustments are capped at ~8 points: a slight downward nudge (62→60) reflects that the two most fixable items (pest contract, hand-washing) may have been addressed, but the core roach/harborage/cold-holding issues plus a fresh nearby 311 'Rodent — Condition Attracting Rodents' complaint (2026-06-03, 1370 Broadway, within 75m) and two Food Establishment complaints (Ventilation; Food Spoiled, 2026-05-18, 1375 Broadway) argue against meaningful remediation. Zipcode 10018 baseline (avg 19.5; A:191/B:73/C:63; top codes 10F, 06C, 06D, 10B, 02G) is far better than this restaurant and does not pull the forecast down. Similar-violation restaurants scored 33–60; the ones that improved (45→13, 46→12) were established venues with time to remediate, unlike this new establishment failing its opening inspection. Net: ~56–62, robustly Grade C; point estimate 60. Confidence moderate-high (0.7); main uncertainty is whether the operator fixed the pest contract and hand-washing between Dec 2025 and Jul 2026.","['Live roaches/cockroaches in food or non-food area (repeat pest infestation)', 'Establishment not free of harborage or conditions conducive to rodents/insects (repeat)', 'Cold TCS food held above 41°F (10F, repeat)', 'Non-food contact surface/equipment of unacceptable material or not kept clean (06D, repeat)', 'No contract with pest management professional / no extermination activity record', 'No hand-washing facility in/adjacent to toilet room or within 25 ft of food prep (repeat)', ""Possible ventilation deficiency (echoed by 2026-05-18 nearby 311 'Ventilation' complaint)""]"
50180495,ATOMIC WINGS,2026-06-25,C,31,C,30.0,A,C,True,False,True,0.6,"Anchor on the only prior inspection: 2026-04-02 Pre-permit/Initial Inspection scored 34 (ungraded, C-band >=28) with 5 violations, several critical (no handwashing facility near toilet room, dishwashing/sanitizing failure, unclean non-food-contact surfaces, no Food Protection Certificate, no calibrated thermometer). Per calibration, the most recent score is the strongest predictor and re-inspections usually land in the same band, so I anchor at 34 and adjust down modestly to ~30 (within the ~8-point bound) because similar-pattern peers with multi-critical initial inspections (TANDORICO 37->23 B, Mario's Pizza 33->12 A, CHAPINES 40->10 A, CHINA FU ZHOU 49->23 B) show some improvement is possible after a corrective cycle. However, there is no evidence of remediation for Atomic Wings (no re-inspection, no permit activity since 2026-04-02), and the FPC/handwashing/thermometer violations require management and time to fix. 311 data (120 days, 100m) shows 5 'Food Establishment' complaints nearby but none at this address and none for rodents or food poisoning; a 2026-06-12 'Bare Hands in Contact w/ Food' complaint at 44 Willoughby St (same block) adds slight upward pressure. Zipcode 11201 baseline is strong (avg 15.6 over 299 inspections; 192 A / 53 B / 45 C), which would pull toward B, but the restaurant's own 34 is far above baseline and calibration says anchor on the last score rather than regress to the mean. Net: 34 anchored, slight downward adjustment for possible corrective action, slight upward pressure from block-level hygiene complaints -> ~30, solidly in the C band (28+). Confidence moderate (0.6): single prior inspection limits history; documented corrective action before 2026-06-25 could pull the score toward B (~24-27), but none is visible in the record.","['Food Protection Certificate (FPC) not held by manager or supervisor of food operations (repeat)', 'No hand washing facility in or adjacent to toilet room or within 25 feet of food preparation (repeat)', 'Properly scaled and calibrated thermometer not provided or not readily accessible (repeat)', 'Dishwashing/warewashing: cleaning and sanitizing of tableware not properly performed (repeat risk)', 'Non-food contact surface or equipment not kept clean / unacceptable material (repeat risk)', 'Bare hands in contact with ready-to-eat food (possible, echoing 2026-06-12 311 complaint at 44 Willoughby St on same block)']"
50176132,SHAKING CRAB,2026-08-14,C,37,C,72.0,A,C,True,False,True,0.78,"Anchored on the restaurant's only prior inspection (2026-04-24 Pre-permit/Initial) which scored 74 (deep in C territory, 28+). Per calibration, the most recent score is the strongest predictor and re-inspections usually land in the same band; a 28+ score most often repeats as 28+. Applied a modest downward adjustment of ~2 points (within the ±8 limit) reflecting the zipcode 10462 baseline average of 16.2, but did not assume improvement given: (1) no corrective re-inspection on record between April and August 2026, (2) a 311 'Rodents/Insects/Garbage' complaint at the adjacent address (2161A White Plains Road) on 2026-05-24 corroborating the vermin violations cited in April, and (3) an 'Allergy Information' complaint at the restaurant itself on 2026-05-20. The violation cluster (vermin harborage, filth flies, food contamination/adulteration, warewashing) represents critical sanitary deficiencies unlikely to resolve without documented intervention. Score of 72 places the forecast firmly in Grade C (28+), consistent with the pattern that restaurants scoring 28+ initially most often score 28+ again.","['Establishment not free of harborage or conditions conducive to rodents, insects or other pests', 'Filth flies or food/refuse/sewage associated with (FRSA) flies or other nuisance pests', 'Food, supplies, or equipment not protected from potential source of contamination', 'Raw, cooked or prepared food is adulterated, contaminated, cross-contaminated, or not discarded', 'Dishwashing and ware washing: Cleaning and sanitizing of tableware, including dishes, utensils']"
50161373,HK BAKERY,2026-09-16,C,38,C,40.0,C,C,True,True,True,0.78,"HK BAKERY (CAMIS 50161373, 134-32 Northern Blvd, Queens 11354) has three consecutive inspections all in C-band: 40 (2026-01-16), 49/Grade C (2026-04-06), and 39 (2026-08-20, most recent, ~4 weeks before the target date). Per calibration, the most recent score is the strongest predictor and re-inspections usually land in the same band; anchoring on 39 and adding +1 to +4 for chronic, uncorrected repeat violations yields ~40. The same critical violations recur across all 8 months of history with no evidence of remediation: vermin/harborage on all 3 inspections, live roaches on 2, cold holding >41°F on all 3, hot holding <140°F on 2, food-contact-surface sanitation on 2, plus a new filth-fly/FRSA citation on 2026-08-20 signaling worsening pest conditions. The zipcode 11354 baseline (avg 22.1; A=252, B=134, C=158 over 560 inspections) is B-band, but this restaurant is a persistent outlier scoring ~18-27 points above the neighborhood mean, so the baseline exerts little downward pull. No 311 rodent/food-poisoning complaints within 75m in the last 180 days (neutral). Similar restaurants with roach/harborage plus temperature-control violations mostly remained in B/C on re-inspection (e.g., 18→41 C; 19→24 B; 47→52 C). Absent any evidence of improvement, the 2026-09-16 inspection is forecast at ~40 points, Grade C (28+), with the same temperature-control, pest/harborage, and sanitation violations most likely to recur.","['Cold TCS food held above 41°F (cited on all 3 inspections: 2026-01-16, 2026-04-06, 2026-08-20)', 'Hot TCS food not held at/above 140°F (cited 2026-01-16 and 2026-04-06)', 'Establishment not free of harborage/conditions conducive to rodents or insects (cited on all 3 inspections)', ""Live roaches in facility's food or non-food area (cited 2026-01-16 and 2026-04-06)"", 'Food contact surface not properly washed, rinsed and sanitized (cited 2026-04-06 and 2026-08-20)', 'Filth flies / food-refuse-sewage-associated (FRSA) flies or nuisance pests (cited 2026-08-20)']"
50002329,HONG KONG JACKIE CHINESE RESTAURANT,2026-06-29,C,42,C,40.0,A,C,True,False,True,0.6,"Anchor on the most recent inspection: 2026-05-11 Cycle/Initial scored 43 (C band, 28+), with six systemic sanitation/equipment violations (food-contact sanitization, unclean non-food surfaces, unprotected food/supplies, non-pest-resistant garbage receptacle, missing thermometer). Per calibration, re-inspections usually land in the same band and improvement should not be assumed without evidence; there is no corrective re-inspection or posted grade since 2026-05-11. Adjustments (capped ~8 pts): one adjacent 311 'Bare Hands in Contact w/ Food' complaint (2026-04-30, 608 Melrose Ave) adds mild upward pressure; zipcode 10455 baseline (avg 19.2 over 90 inspections; 18 C-grade) pulls slightly toward the mean. Net: anchor 43 minus ~3 = ~40, still firmly in C (range 36-44). Confidence moderate (0.6) because only one prior inspection exists, leaving uncertainty about remediation, but absent evidence of correction the C band is the expected outcome.","['Food contact surface not properly washed, rinsed and sanitized after each use', 'Non-food contact surface/equipment not kept clean or made of unacceptable material', 'Food, supplies, or equipment not protected from potential source of contamination', 'Garbage receptacle not pest/water resistant with tight-fitting lids', 'Accurate thermometer not provided in refrigerated/cold storage', 'Bare hands in contact with ready-to-eat food (per adjacent 311 complaint 2026-04-30)']"
50168012,GOLDWATER BAR & GRILL,2026-05-12,C,45,C,42.0,A,C,True,False,True,0.78,"Anchoring on the 2025-12-06 initial inspection score of 38 (C grade) with 6 violations including mice evidence, pesticide misuse, and food contact surface sanitization failures. Two 311 rodent complaints at this exact address (2025-12-06 and 2026-02-13) confirm an unresolved, active pest problem with no intervening remediation inspection. Per calibration, re-inspections typically remain in the same band; the ongoing rodent activity warrants an upward adjustment of ~4 points from the last score (within the ~8 point cap). Zipcode 11413 baseline (avg 18.8) is not applicable as this restaurant is a significant outlier. Forecast remains firmly in C grade territory (28+).","[""Evidence of mice or live mice in establishment's food or non-food areas"", 'Food contact surface not properly washed, rinsed and sanitized after each use', 'Dishwashing and ware washing: Cleaning and sanitizing of tableware deficiencies', 'Pesticide not properly labeled or used by unlicensed individual', 'Food, supplies, or equipment not protected from potential source of contamination']"
50033403,GUIZ HOU MIAO JIA NOODLES,2026-06-15,C,55,C,30.0,A,B,True,False,True,0.68,"Anchoring on the last inspection score of 25 (2026-04-18, B band) and adjusting upward per calibration rules. The restaurant has no evidence of corrective action for critical temperature control and pest management violations. Nearby 311 data shows 3 food poisoning complaints within 100m in the last 180 days, including one on 2026-06-07 (8 days before the forecast date), indicating active food safety risks. Zipcode 11354 baseline shows a high C-grade rate (27% of inspections) with average score 21.1, and top violation codes (10F, 06C, 06D) align with this restaurant's profile. Per calibration, re-inspections typically remain in the same band or worsen without remediation evidence; the combination of uncorrected critical violations, recent foodborne illness complaints, and high-risk neighborhood baseline pushes the forecast from 25 into the C range (28+). Adjustment of +5 points from anchor reflects persistent temperature/pest issues and complaint activity, staying within the ~8-point adjustment limit.","['Hot TCS food item not held at or above 140°F', 'Cold TCS food item held above 41°F', 'Contract with a pest management professional not in place', 'Properly scaled and calibrated thermometer not provided', 'Dishwashing and ware washing: Cleaning and sanitizing of tableware', 'Food protection from contamination (possible new citation given recent food poisoning complaints)']"
50186656,EMPANADAS MONUMENTAL,2026-06-29,C,28,B,27.0,A,B,False,False,True,0.55,"Anchor on the most recent inspection (2026-06-08, pre-permit/initial): score 21, ungraded, squarely in the B band (14-27). Per calibration, re-inspections usually land in the same band, so I start at 21 and adjust by no more than ~8 points. Negative adjustments: the 06-08 inspection cited live mice and rodent harborage, and 311 data shows active rodent pressure in the immediate area — rat sightings within 100m on 2026-06-23 and 2026-06-26, plus a Rodents/Insects/Garbage complaint at 3470 Broadway (one block away) on 2026-06-25, all in the week before this inspection. The violation cluster (adulterated food + soiled outer garments + mice/harborage) is exactly the kind that tends to recur, and there is no evidence of corrective action between 06-08 and 06-29. Positive offset: the zipcode 10031 baseline average is 19.4 (below the anchor), and similar-pattern restaurants showed no reliable deterioration beyond their initial scores. Net adjustment: +6 (rodent signal) minus ~1 (zipcode baseline) = +5 to +7, landing at ~26-28. I forecast 27 — B grade, but borderline: if mice/harborage are re-cited at critical levels alongside the food-adulteration and personal-cleanliness repeats, the score could cross 28 into C (roughly 35-40% chance). Confidence is moderate (0.55) because the anchor is strong but the rodent signal is recent and unresolved, and this is an initial/pre-permit inspection with limited history.","[""Evidence of mice or live mice in establishment's food or non-food areas"", 'Establishment is not free of harborage or conditions conducive to rodents, insects or other pests', 'Personal cleanliness is inadequate; outer garment soiled with possible contaminant', 'Raw, cooked or prepared food is adulterated, contaminated, cross-contaminated, or not discretely handled', 'Food contact surface not properly washed, rinsed and sanitized']"
41060947,EL TIMBIRICHI RESTAURANT,2026-08-13,C,36,C,35.0,A,C,True,False,True,0.72,"Anchored on the most recent inspection (2026-05-15) score of 29 (C band, ungraded/pending re-inspection). Per calibration, a 28+ score most often lands 28+ again, so I do not assume improvement. Upward adjustment (+6) is warranted by: (1) a persistent multi-violation sanitation/pest cluster in May (improper TCS cooling, filth flies, unsanitized food-contact surfaces, harborage conducive to rodents/insects); (2) two nearby 311 rodent complaints within 180 days (2026-05-03 'Signs of Rodents' at 1701 Eastburn Ave; 2026-04-08 'Rat Sighting' at 1711 Morris Ave) corroborating active pest pressure; (3) a similar-violation restaurant (LA HUECA ECUATORIANA) worsened from 26 to 61 on re-inspection. Zipcode 10457 baseline (avg 17.1, 22% C-grade) would pull toward B, but this restaurant is already well above baseline and there is no evidence of corrective action. Net forecast 32-38, centered at 35, Grade C.","['Establishment is not free of harborage or conditions conducive to rodents, insects or other pests', 'Filth flies or food/refuse/sewage associated (FRSA) flies or other nuisance pests', 'Food contact surface not properly washed, rinsed and sanitized after each use', 'After cooking or removal from hot holding, TCS food not cooled by an approved method', 'Non-food contact surface or equipment not kept clean or made of unacceptable material']"
50047817,THE LITTLE BEET,2026-06-22,C,39,C,40.0,A,C,True,False,True,0.72,"Anchor on the last inspection (2026-02-04) score 40 (C band, ungraded) per calibration; re-inspections usually stay in-band and there is no evidence of corrective action. Violations were systemic temperature-control failures (cold >41°F, hot <140°F, undercooking) plus warewashing/back-flow/non-food-contact issues. Nearby 311 within 75m/180d shows 4 Food Establishment + 2 Food Poisoning complaints, including a 2026-06-11 'Food Temperature' complaint at 1140 Broadway itself and food-poisoning complaints at 1123 Broadway (2026-06-05, 2026-03-14), adding upward pressure. Zip 10001 baseline avg 15.6 (A-heavy) would pull lower but is capped by the anchor-on-last-score rule (adjust ≤~8) absent improvement evidence. Similar temperature-violation restaurants scored 22-33 recently with high scorers persisting. Net: hold near 40, Grade C.","['Cold TCS food held above 41°F', 'Hot TCS food held below 140°F', 'TCS food not cooked to required minimum internal temperature', 'Dishwashing/warewashing: cleaning and sanitizing of tableware', 'Non-food contact surface/equipment not kept clean or made of unacceptable material', 'Anti-siphonage/back-flow prevention device not provided where required']"
